{
"lengthUnit": "mil",
"remark": [],
"components": {
	"fields": ["COMPONENT_NO", "COMPONENT_NAME", "LAYER", "X_COORDINATE", "Y_COORDINATE", "ANGLE"],
	"rows": [
		[1, "C1", "T", 620, 2520, 270],
		[2, "C2", "T", 620, 2035, 270],
		[3, "C3", "T", 1100, 2050, 180],
		[4, "D1", "T", 1040, 1895, 180],
		[5, "J1", "T", 1555, 2280, 0],
		[6, "L1", "T", 1075, 2635, 180],
		[7, "R1", "T", 1345, 2055, 180],
		[8, "R2", "T", 1365, 2195, 270],
		[9, "RSC", "T", 1205, 2220, 270],
		[10, "U1", "T", 985, 2285, 0],
		[11, "PAD1", "T", 620, 2687.13, 0],
		[12, "PAD2", "T", 620, 2352.87, 0],
		[13, "PAD3", "T", 620, 1897.205, 0],
		[14, "PAD4", "T", 620, 2172.795, 0],
		[15, "PAD5", "T", 1072.44, 2050, 0],
		[16, "PAD6", "T", 1127.56, 2050, 0],
		[17, "PAD7", "T", 1138.425, 1895, 0],
		[18, "PAD8", "T", 941.575, 1895, 0],
		[19, "PAD9", "T", 1181.3, 2635, 0],
		[20, "PAD10", "T", 968.7, 2635, 0],
		[21, "PAD11", "T", 1315.34, 2055, 0],
		[22, "PAD12", "T", 1374.66, 2055, 0],
		[23, "PAD13", "T", 1365, 2165.34, 0],
		[24, "PAD14", "T", 1365, 2224.66, 0],
		[25, "PAD15", "T", 1205, 2180.63, 0],
		[26, "PAD16", "T", 1205, 2259.37, 0],
		[27, "PAD17", "T", 910, 2178.5, 0],
		[28, "PAD18", "T", 960, 2178.5, 0],
		[29, "PAD19", "T", 1010, 2178.5, 0],
		[30, "PAD20", "T", 1060, 2178.5, 0],
		[31, "PAD21", "T", 910, 2391.5, 0],
		[32, "PAD22", "T", 960, 2391.5, 0],
		[33, "PAD23", "T", 1010, 2391.5, 0],
		[34, "PAD24", "T", 1060, 2391.5, 0],
		[35, "PAD25", "T", 1555, 2505, 0],
		[36, "PAD25", "B", 1555, 2505, 0],
		[37, "PAD26", "T", 1555, 2055, 0],
		[38, "PAD26", "B", 1555, 2055, 0],
		[39, "PAD27", "T", 1555, 2205, 0],
		[40, "PAD27", "B", 1555, 2205, 0],
		[41, "PAD28", "T", 1555, 2355, 0],
		[42, "PAD28", "B", 1555, 2355, 0]
	]
},
"pins": {
	"fields": ["PIN_NO", "PIN_NAME", "PIN_X", "PIN_Y", "LAYER", "PIN_TYPE", "NET_NAME", "NET_TYPE", "PAD_SHAPE", "PAD_SIZEX", "PAD_SIZEY", "HOLE_SIZE", "HOLE_LEN", "PAD_ANGLE"],
	"rows": [
		[1, "C1_1", 620, 2687.13, "T", "SMD", "$1N3", "", "R", 153.937, 49.634, 0, 0, 270],
		[2, "C1_2", 620, 2352.87, "T", "SMD", "GND", "GND", "R", 153.937, 49.634, 0, 0, 270],
		[3, "C2_1", 620, 2172.795, "T", "SMD", "$1N637", "", "R", 157.48, 62.992, 0, 0, 270],
		[4, "C2_2", 620, 1897.205, "T", "SMD", "GND", "GND", "R", 157.48, 62.992, 0, 0, 270],
		[5, "C3_1", 1127.56, 2050, "T", "SMD", "GND", "GND", "R", 31.496, 35.433, 0, 0, 180],
		[6, "C3_2", 1072.44, 2050, "T", "SMD", "$1N8", "", "R", 31.496, 35.433, 0, 0, 180],
		[7, "D1_1", 1138.425, 1895, "T", "SMD", "GND", "GND", "R", 118.11, 59.055, 0, 0, 270],
		[8, "D1_2", 941.575, 1895, "T", "SMD", "$1N2", "", "R", 118.11, 59.055, 0, 0, 270],
		[9, "J1_1", 1555, 2505, "T", "DIP", "$1N637", "", "C", 118.11, 118.11, 59.056, 59.056, 0],
		[10, "J1_1", 1555, 2505, "B", "DIP", "$1N637", "", "C", 118.11, 118.11, 59.056, 59.056, 0],
		[11, "J1_2", 1555, 2355, "T", "DIP", "GND", "GND", "C", 118.11, 118.11, 59.056, 59.056, 0],
		[12, "J1_2", 1555, 2355, "B", "DIP", "GND", "GND", "C", 118.11, 118.11, 59.056, 59.056, 0],
		[13, "J1_3", 1555, 2205, "T", "DIP", "GND", "GND", "C", 118.11, 118.11, 59.056, 59.056, 0],
		[14, "J1_3", 1555, 2205, "B", "DIP", "GND", "GND", "C", 118.11, 118.11, 59.056, 59.056, 0],
		[15, "J1_4", 1555, 2055, "T", "DIP", "$1N3", "", "C", 118.11, 118.11, 59.056, 59.056, 0],
		[16, "J1_4", 1555, 2055, "B", "DIP", "$1N3", "", "C", 118.11, 118.11, 59.056, 59.056, 0],
		[17, "L1_1", 1181.3, 2635, "T", "SMD", "$1N2", "", "R", 137.795, 275.591, 0, 0, 180],
		[18, "L1_2", 968.7, 2635, "T", "SMD", "$1N3", "", "R", 137.795, 275.591, 0, 0, 180],
		[19, "R1_1", 1374.66, 2055, "T", "SMD", "$1N4", "", "R", 31.751, 34.016, 0, 0, 180],
		[20, "R1_2", 1315.34, 2055, "T", "SMD", "GND", "GND", "R", 31.751, 34.016, 0, 0, 180],
		[21, "R2_1", 1365, 2224.66, "T", "SMD", "$1N3", "", "R", 31.751, 34.016, 0, 0, 270],
		[22, "R2_2", 1365, 2165.34, "T", "SMD", "$1N4", "", "R", 31.751, 34.016, 0, 0, 270],
		[23, "RSC_1", 1205, 2259.37, "T", "SMD", "$1N637", "", "R", 44.588, 54.213, 0, 0, 270],
		[24, "RSC_2", 1205, 2180.63, "T", "SMD", "$1N1", "", "R", 44.588, 54.213, 0, 0, 270],
		[25, "U1_1", 910, 2178.5, "T", "SMD", "$1N1", "", "O", 22.378, 76.78, 0, 0, 0],
		[26, "U1_2", 960, 2178.5, "T", "SMD", "$1N2", "", "O", 22.378, 76.78, 0, 0, 0],
		[27, "U1_3", 1010, 2178.5, "T", "SMD", "$1N8", "", "O", 22.378, 76.78, 0, 0, 0],
		[28, "U1_4", 1060, 2178.5, "T", "SMD", "GND", "GND", "O", 22.378, 76.78, 0, 0, 0],
		[29, "U1_5", 1060, 2391.5, "T", "SMD", "$1N4", "", "O", 22.378, 76.78, 0, 0, 0],
		[30, "U1_6", 1010, 2391.5, "T", "SMD", "$1N637", "", "O", 22.378, 76.78, 0, 0, 0],
		[31, "U1_7", 960, 2391.5, "T", "SMD", "$1N1", "", "O", 22.378, 76.78, 0, 0, 0],
		[32, "U1_8", 910, 2391.5, "T", "SMD", "$1N1", "", "O", 22.378, 76.78, 0, 0, 0],
		[33, "PAD1_1", 620, 2687.13, "T", "SMD", "$1N3", "", "R", 153.937, 49.634, 0, 0, 270],
		[34, "PAD2_2", 620, 2352.87, "T", "SMD", "GND", "GND", "R", 153.937, 49.634, 0, 0, 270],
		[35, "PAD3_2", 620, 1897.205, "T", "SMD", "GND", "GND", "R", 157.48, 62.992, 0, 0, 270],
		[36, "PAD4_1", 620, 2172.795, "T", "SMD", "$1N637", "", "R", 157.48, 62.992, 0, 0, 270],
		[37, "PAD5_2", 1072.44, 2050, "T", "SMD", "$1N8", "", "R", 31.496, 35.433, 0, 0, 180],
		[38, "PAD6_1", 1127.56, 2050, "T", "SMD", "GND", "GND", "R", 31.496, 35.433, 0, 0, 180],
		[39, "PAD7_1", 1138.425, 1895, "T", "SMD", "GND", "GND", "R", 118.11, 59.055, 0, 0, 270],
		[40, "PAD8_2", 941.575, 1895, "T", "SMD", "$1N2", "", "R", 118.11, 59.055, 0, 0, 270],
		[41, "PAD9_1", 1181.3, 2635, "T", "SMD", "$1N2", "", "R", 137.795, 275.591, 0, 0, 180],
		[42, "PAD10_2", 968.7, 2635, "T", "SMD", "$1N3", "", "R", 137.795, 275.591, 0, 0, 180],
		[43, "PAD11_2", 1315.34, 2055, "T", "SMD", "GND", "GND", "R", 31.751, 34.016, 0, 0, 180],
		[44, "PAD12_1", 1374.66, 2055, "T", "SMD", "$1N4", "", "R", 31.751, 34.016, 0, 0, 180],
		[45, "PAD13_2", 1365, 2165.34, "T", "SMD", "$1N4", "", "R", 31.751, 34.016, 0, 0, 270],
		[46, "PAD14_1", 1365, 2224.66, "T", "SMD", "$1N3", "", "R", 31.751, 34.016, 0, 0, 270],
		[47, "PAD15_2", 1205, 2180.63, "T", "SMD", "$1N1", "", "R", 44.588, 54.213, 0, 0, 270],
		[48, "PAD16_1", 1205, 2259.37, "T", "SMD", "$1N637", "", "R", 44.588, 54.213, 0, 0, 270],
		[49, "PAD17_1", 910, 2178.5, "T", "SMD", "$1N1", "", "O", 22.378, 76.78, 0, 0, 0],
		[50, "PAD18_2", 960, 2178.5, "T", "SMD", "$1N2", "", "O", 22.378, 76.78, 0, 0, 0],
		[51, "PAD19_3", 1010, 2178.5, "T", "SMD", "$1N8", "", "O", 22.378, 76.78, 0, 0, 0],
		[52, "PAD20_4", 1060, 2178.5, "T", "SMD", "GND", "GND", "O", 22.378, 76.78, 0, 0, 0],
		[53, "PAD21_8", 910, 2391.5, "T", "SMD", "$1N1", "", "O", 22.378, 76.78, 0, 0, 0],
		[54, "PAD22_7", 960, 2391.5, "T", "SMD", "$1N1", "", "O", 22.378, 76.78, 0, 0, 0],
		[55, "PAD23_6", 1010, 2391.5, "T", "SMD", "$1N637", "", "O", 22.378, 76.78, 0, 0, 0],
		[56, "PAD24_5", 1060, 2391.5, "T", "SMD", "$1N4", "", "O", 22.378, 76.78, 0, 0, 0],
		[57, "PAD25_1", 1555, 2505, "T", "DIP", "$1N637", "", "C", 118.11, 118.11, 59.056, 59.056, 0],
		[58, "PAD25_1", 1555, 2505, "B", "DIP", "$1N637", "", "C", 118.11, 118.11, 59.056, 59.056, 0],
		[59, "PAD26_4", 1555, 2055, "T", "DIP", "$1N3", "", "C", 118.11, 118.11, 59.056, 59.056, 0],
		[60, "PAD26_4", 1555, 2055, "B", "DIP", "$1N3", "", "C", 118.11, 118.11, 59.056, 59.056, 0],
		[61, "PAD27_3", 1555, 2205, "T", "DIP", "GND", "GND", "C", 118.11, 118.11, 59.056, 59.056, 0],
		[62, "PAD27_3", 1555, 2205, "B", "DIP", "GND", "GND", "C", 118.11, 118.11, 59.056, 59.056, 0],
		[63, "PAD28_2", 1555, 2355, "T", "DIP", "GND", "GND", "C", 118.11, 118.11, 59.056, 59.056, 0],
		[64, "PAD28_2", 1555, 2355, "B", "DIP", "GND", "GND", "C", 118.11, 118.11, 59.056, 59.056, 0]
	]
}
}